invoice_date,stock_code,description,weekly_demand,active_days,complete_week
2009-12-06,21212,PACK OF 72 RETROSPOT CAKE CASES,1528,6,True
2009-12-13,21212,PACK OF 72 RETROSPOT CAKE CASES,1121,6,True
2009-12-20,21212,PACK OF 72 RETROSPOT CAKE CASES,1591,6,True
2009-12-27,21212,PACK OF 72 RETROSPOT CAKE CASES,764,3,False
2010-01-03,21212,PACK OF 72 RETROSPOT CAKE CASES,0,0,False
2010-01-10,21212,PACK OF 72 RETROSPOT CAKE CASES,771,6,True
2010-01-17,21212,PACK OF 72 RETROSPOT CAKE CASES,505,6,True
2010-01-24,21212,PACK OF 72 RETROSPOT CAKE CASES,1203,6,True
2010-01-31,21212,PACK OF 72 RETROSPOT CAKE CASES,1445,6,True
2010-02-07,21212,PACK OF 72 RETROSPOT CAKE CASES,972,6,True
2010-02-14,21212,PACK OF 72 RETROSPOT CAKE CASES,905,6,True
2010-02-21,21212,PACK OF 72 RETROSPOT CAKE CASES,881,6,True
2010-02-28,21212,PACK OF 72 RETROSPOT CAKE CASES,1507,6,True
2010-03-07,21212,PACK OF 72 RETROSPOT CAKE CASES,1314,6,True
2010-03-14,21212,PACK OF 72 RETROSPOT CAKE CASES,569,6,True
2010-03-21,21212,PACK OF 72 RETROSPOT CAKE CASES,1301,6,True
2010-03-28,21212,PACK OF 72 RETROSPOT CAKE CASES,880,6,True
2010-04-04,21212,PACK OF 72 RETROSPOT CAKE CASES,559,4,False
2010-04-11,21212,PACK OF 72 RETROSPOT CAKE CASES,1724,5,True
2010-04-18,21212,PACK OF 72 RETROSPOT CAKE CASES,1300,6,True
2010-04-25,21212,PACK OF 72 RETROSPOT CAKE CASES,791,6,True
2010-05-02,21212,PACK OF 72 RETROSPOT CAKE CASES,1472,6,True
2010-05-09,21212,PACK OF 72 RETROSPOT CAKE CASES,958,5,True
2010-05-16,21212,PACK OF 72 RETROSPOT CAKE CASES,911,6,True
2010-05-23,21212,PACK OF 72 RETROSPOT CAKE CASES,939,6,True
2010-05-30,21212,PACK OF 72 RETROSPOT CAKE CASES,1495,6,True
2010-06-06,21212,PACK OF 72 RETROSPOT CAKE CASES,836,5,True
2010-06-13,21212,PACK OF 72 RETROSPOT CAKE CASES,1456,6,True
2010-06-20,21212,PACK OF 72 RETROSPOT CAKE CASES,717,6,True
2010-06-27,21212,PACK OF 72 RETROSPOT CAKE CASES,483,6,True
2010-07-04,21212,PACK OF 72 RETROSPOT CAKE CASES,1497,6,True
2010-07-11,21212,PACK OF 72 RETROSPOT CAKE CASES,1137,6,True
2010-07-18,21212,PACK OF 72 RETROSPOT CAKE CASES,847,6,True
2010-07-25,21212,PACK OF 72 RETROSPOT CAKE CASES,1481,6,True
2010-08-01,21212,PACK OF 72 RETROSPOT CAKE CASES,795,6,True
2010-08-08,21212,PACK OF 72 RETROSPOT CAKE CASES,329,6,True
2010-08-15,21212,PACK OF 72 RETROSPOT CAKE CASES,1899,6,True
2010-08-22,21212,PACK OF 72 RETROSPOT CAKE CASES,1857,6,True
2010-08-29,21212,PACK OF 72 RETROSPOT CAKE CASES,397,6,True
2010-09-05,21212,PACK OF 72 RETROSPOT CAKE CASES,1097,5,True
2010-09-12,21212,PACK OF 72 RETROSPOT CAKE CASES,687,6,True
2010-09-19,21212,PACK OF 72 RETROSPOT CAKE CASES,1006,6,True
2010-09-26,21212,PACK OF 72 RETROSPOT CAKE CASES,1040,6,True
2010-10-03,21212,PACK OF 72 RETROSPOT CAKE CASES,1296,6,True
2010-10-10,21212,PACK OF 72 RETROSPOT CAKE CASES,2731,6,True
2010-10-17,21212,PACK OF 72 RETROSPOT CAKE CASES,1561,6,True
2010-10-24,21212,PACK OF 72 RETROSPOT CAKE CASES,1358,6,True
2010-10-31,21212,PACK OF 72 RETROSPOT CAKE CASES,613,6,True
2010-11-07,21212,PACK OF 72 RETROSPOT CAKE CASES,1095,6,True
2010-11-14,21212,PACK OF 72 RETROSPOT CAKE CASES,890,6,True
2010-11-21,21212,PACK OF 72 RETROSPOT CAKE CASES,1686,6,True
2010-11-28,21212,PACK OF 72 RETROSPOT CAKE CASES,1307,6,True
2010-12-05,21212,PACK OF 72 RETROSPOT CAKE CASES,1839,6,True
2010-12-12,21212,PACK OF 72 RETROSPOT CAKE CASES,1104,6,True
2010-12-19,21212,PACK OF 72 RETROSPOT CAKE CASES,664,6,True
2010-12-26,21212,PACK OF 72 RETROSPOT CAKE CASES,1363,4,False
2011-01-02,21212,PACK OF 72 RETROSPOT CAKE CASES,0,0,False
2011-01-09,21212,PACK OF 72 RETROSPOT CAKE CASES,324,5,True
2011-01-16,21212,PACK OF 72 RETROSPOT CAKE CASES,618,6,True
2011-01-23,21212,PACK OF 72 RETROSPOT CAKE CASES,1753,6,True
2011-01-30,21212,PACK OF 72 RETROSPOT CAKE CASES,555,6,True
2011-02-06,21212,PACK OF 72 RETROSPOT CAKE CASES,558,6,True
2011-02-13,21212,PACK OF 72 RETROSPOT CAKE CASES,347,6,True
2011-02-20,21212,PACK OF 72 RETROSPOT CAKE CASES,526,6,True
2011-02-27,21212,PACK OF 72 RETROSPOT CAKE CASES,718,6,True
2011-03-06,21212,PACK OF 72 RETROSPOT CAKE CASES,689,6,True
2011-03-13,21212,PACK OF 72 RETROSPOT CAKE CASES,813,6,True
2011-03-20,21212,PACK OF 72 RETROSPOT CAKE CASES,1303,6,True
2011-03-27,21212,PACK OF 72 RETROSPOT CAKE CASES,527,6,True
2011-04-03,21212,PACK OF 72 RETROSPOT CAKE CASES,785,6,True
2011-04-10,21212,PACK OF 72 RETROSPOT CAKE CASES,643,6,True
2011-04-17,21212,PACK OF 72 RETROSPOT CAKE CASES,598,6,True
2011-04-24,21212,PACK OF 72 RETROSPOT CAKE CASES,1421,4,False
2011-05-01,21212,PACK OF 72 RETROSPOT CAKE CASES,315,4,False
2011-05-08,21212,PACK OF 72 RETROSPOT CAKE CASES,787,5,True
2011-05-15,21212,PACK OF 72 RETROSPOT CAKE CASES,1647,6,True
2011-05-22,21212,PACK OF 72 RETROSPOT CAKE CASES,598,6,True
2011-05-29,21212,PACK OF 72 RETROSPOT CAKE CASES,360,6,True
2011-06-05,21212,PACK OF 72 RETROSPOT CAKE CASES,229,5,True
2011-06-12,21212,PACK OF 72 RETROSPOT CAKE CASES,619,6,True
2011-06-19,21212,PACK OF 72 RETROSPOT CAKE CASES,856,6,True
2011-06-26,21212,PACK OF 72 RETROSPOT CAKE CASES,181,6,True
2011-07-03,21212,PACK OF 72 RETROSPOT CAKE CASES,123,6,True
2011-07-10,21212,PACK OF 72 RETROSPOT CAKE CASES,1109,6,True
2011-07-17,21212,PACK OF 72 RETROSPOT CAKE CASES,253,6,True
2011-07-24,21212,PACK OF 72 RETROSPOT CAKE CASES,335,6,True
2011-07-31,21212,PACK OF 72 RETROSPOT CAKE CASES,1083,6,True
2011-08-07,21212,PACK OF 72 RETROSPOT CAKE CASES,445,6,True
2011-08-14,21212,PACK OF 72 RETROSPOT CAKE CASES,335,6,True
2011-08-21,21212,PACK OF 72 RETROSPOT CAKE CASES,1650,6,True
2011-08-28,21212,PACK OF 72 RETROSPOT CAKE CASES,507,6,True
2011-09-04,21212,PACK OF 72 RETROSPOT CAKE CASES,458,5,True
2011-09-11,21212,PACK OF 72 RETROSPOT CAKE CASES,712,6,True
2011-09-18,21212,PACK OF 72 RETROSPOT CAKE CASES,955,6,True
2011-09-25,21212,PACK OF 72 RETROSPOT CAKE CASES,1028,6,True
2011-10-02,21212,PACK OF 72 RETROSPOT CAKE CASES,359,6,True
2011-10-09,21212,PACK OF 72 RETROSPOT CAKE CASES,477,6,True
2011-10-16,21212,PACK OF 72 RETROSPOT CAKE CASES,499,6,True
2011-10-23,21212,PACK OF 72 RETROSPOT CAKE CASES,503,6,True
2011-10-30,21212,PACK OF 72 RETROSPOT CAKE CASES,521,6,True
2011-11-06,21212,PACK OF 72 RETROSPOT CAKE CASES,1041,6,True
2011-11-13,21212,PACK OF 72 RETROSPOT CAKE CASES,362,6,True
2011-11-20,21212,PACK OF 72 RETROSPOT CAKE CASES,588,6,True
2011-11-27,21212,PACK OF 72 RETROSPOT CAKE CASES,341,6,True
2011-12-04,21212,PACK OF 72 RETROSPOT CAKE CASES,546,6,True
2011-12-11,21212,PACK OF 72 RETROSPOT CAKE CASES,266,5,True
2009-12-06,84077,WORLD WAR 2 GLIDERS ASSTD DESIGNS,731,6,True
2009-12-13,84077,WORLD WAR 2 GLIDERS ASSTD DESIGNS,1204,6,True
2009-12-20,84077,WORLD WAR 2 GLIDERS ASSTD DESIGNS,720,6,True
2009-12-27,84077,WORLD WAR 2 GLIDERS ASSTD DESIGNS,48,3,False
2010-01-03,84077,WORLD WAR 2 GLIDERS ASSTD DESIGNS,0,0,False
2010-01-10,84077,WORLD WAR 2 GLIDERS ASSTD DESIGNS,336,6,True
2010-01-17,84077,WORLD WAR 2 GLIDERS ASSTD DESIGNS,384,6,True
2010-01-24,84077,WORLD WAR 2 GLIDERS ASSTD DESIGNS,291,6,True
2010-01-31,84077,WORLD WAR 2 GLIDERS ASSTD DESIGNS,432,6,True
2010-02-07,84077,WORLD WAR 2 GLIDERS ASSTD DESIGNS,576,6,True
2010-02-14,84077,WORLD WAR 2 GLIDERS ASSTD DESIGNS,240,6,True
2010-02-21,84077,WORLD WAR 2 GLIDERS ASSTD DESIGNS,1008,6,True
2010-02-28,84077,WORLD WAR 2 GLIDERS ASSTD DESIGNS,576,6,True
2010-03-07,84077,WORLD WAR 2 GLIDERS ASSTD DESIGNS,1008,6,True
2010-03-14,84077,WORLD WAR 2 GLIDERS ASSTD DESIGNS,528,6,True
2010-03-21,84077,WORLD WAR 2 GLIDERS ASSTD DESIGNS,2592,6,True
2010-03-28,84077,WORLD WAR 2 GLIDERS ASSTD DESIGNS,387,6,True
2010-04-04,84077,WORLD WAR 2 GLIDERS ASSTD DESIGNS,192,4,False
2010-04-11,84077,WORLD WAR 2 GLIDERS ASSTD DESIGNS,1393,5,True
2010-04-18,84077,WORLD WAR 2 GLIDERS ASSTD DESIGNS,1007,6,True
2010-04-25,84077,WORLD WAR 2 GLIDERS ASSTD DESIGNS,576,6,True
2010-05-02,84077,WORLD WAR 2 GLIDERS ASSTD DESIGNS,624,6,True
2010-05-09,84077,WORLD WAR 2 GLIDERS ASSTD DESIGNS,240,5,True
2010-05-16,84077,WORLD WAR 2 GLIDERS ASSTD DESIGNS,1824,6,True
2010-05-23,84077,WORLD WAR 2 GLIDERS ASSTD DESIGNS,528,6,True
2010-05-30,84077,WORLD WAR 2 GLIDERS ASSTD DESIGNS,592,6,True
2010-06-06,84077,WORLD WAR 2 GLIDERS ASSTD DESIGNS,338,5,True
2010-06-13,84077,WORLD WAR 2 GLIDERS ASSTD DESIGNS,2208,6,True
2010-06-20,84077,WORLD WAR 2 GLIDERS ASSTD DESIGNS,1018,6,True
2010-06-27,84077,WORLD WAR 2 GLIDERS ASSTD DESIGNS,544,6,True
2010-07-04,84077,WORLD WAR 2 GLIDERS ASSTD DESIGNS,1448,6,True
2010-07-11,84077,WORLD WAR 2 GLIDERS ASSTD DESIGNS,193,6,True
2010-07-18,84077,WORLD WAR 2 GLIDERS ASSTD DESIGNS,823,6,True
2010-07-25,84077,WORLD WAR 2 GLIDERS ASSTD DESIGNS,1057,6,True
2010-08-01,84077,WORLD WAR 2 GLIDERS ASSTD DESIGNS,838,6,True
2010-08-08,84077,WORLD WAR 2 GLIDERS ASSTD DESIGNS,2986,6,True
2010-08-15,84077,WORLD WAR 2 GLIDERS ASSTD DESIGNS,769,6,True
2010-08-22,84077,WORLD WAR 2 GLIDERS ASSTD DESIGNS,816,6,True
2010-08-29,84077,WORLD WAR 2 GLIDERS ASSTD DESIGNS,246,6,True
2010-09-05,84077,WORLD WAR 2 GLIDERS ASSTD DESIGNS,1920,5,True
2010-09-12,84077,WORLD WAR 2 GLIDERS ASSTD DESIGNS,865,6,True
2010-09-19,84077,WORLD WAR 2 GLIDERS ASSTD DESIGNS,307,6,True
2010-09-26,84077,WORLD WAR 2 GLIDERS ASSTD DESIGNS,917,6,True
2010-10-03,84077,WORLD WAR 2 GLIDERS ASSTD DESIGNS,770,6,True
2010-10-10,84077,WORLD WAR 2 GLIDERS ASSTD DESIGNS,3552,6,True
2010-10-17,84077,WORLD WAR 2 GLIDERS ASSTD DESIGNS,720,6,True
2010-10-24,84077,WORLD WAR 2 GLIDERS ASSTD DESIGNS,481,6,True
2010-10-31,84077,WORLD WAR 2 GLIDERS ASSTD DESIGNS,730,6,True
2010-11-07,84077,WORLD WAR 2 GLIDERS ASSTD DESIGNS,5301,6,True
2010-11-14,84077,WORLD WAR 2 GLIDERS ASSTD DESIGNS,2556,6,True
2010-11-21,84077,WORLD WAR 2 GLIDERS ASSTD DESIGNS,826,6,True
2010-11-28,84077,WORLD WAR 2 GLIDERS ASSTD DESIGNS,629,6,True
2010-12-05,84077,WORLD WAR 2 GLIDERS ASSTD DESIGNS,3654,6,True
2010-12-12,84077,WORLD WAR 2 GLIDERS ASSTD DESIGNS,513,6,True
2010-12-19,84077,WORLD WAR 2 GLIDERS ASSTD DESIGNS,1173,6,True
2010-12-26,84077,WORLD WAR 2 GLIDERS ASSTD DESIGNS,100,4,False
2011-01-02,84077,WORLD WAR 2 GLIDERS ASSTD DESIGNS,0,0,False
2011-01-09,84077,WORLD WAR 2 GLIDERS ASSTD DESIGNS,625,5,True
2011-01-16,84077,WORLD WAR 2 GLIDERS ASSTD DESIGNS,289,6,True
2011-01-23,84077,WORLD WAR 2 GLIDERS ASSTD DESIGNS,0,6,True
2011-01-30,84077,WORLD WAR 2 GLIDERS ASSTD DESIGNS,530,6,True
2011-02-06,84077,WORLD WAR 2 GLIDERS ASSTD DESIGNS,2837,6,True
2011-02-13,84077,WORLD WAR 2 GLIDERS ASSTD DESIGNS,48,6,True
2011-02-20,84077,WORLD WAR 2 GLIDERS ASSTD DESIGNS,424,6,True
2011-02-27,84077,WORLD WAR 2 GLIDERS ASSTD DESIGNS,257,6,True
2011-03-06,84077,WORLD WAR 2 GLIDERS ASSTD DESIGNS,1680,6,True
2011-03-13,84077,WORLD WAR 2 GLIDERS ASSTD DESIGNS,1200,6,True
2011-03-20,84077,WORLD WAR 2 GLIDERS ASSTD DESIGNS,480,6,True
2011-03-27,84077,WORLD WAR 2 GLIDERS ASSTD DESIGNS,192,6,True
2011-04-03,84077,WORLD WAR 2 GLIDERS ASSTD DESIGNS,3216,6,True
2011-04-10,84077,WORLD WAR 2 GLIDERS ASSTD DESIGNS,392,6,True
2011-04-17,84077,WORLD WAR 2 GLIDERS ASSTD DESIGNS,2448,6,True
2011-04-24,84077,WORLD WAR 2 GLIDERS ASSTD DESIGNS,1927,4,False
2011-05-01,84077,WORLD WAR 2 GLIDERS ASSTD DESIGNS,2592,4,False
2011-05-08,84077,WORLD WAR 2 GLIDERS ASSTD DESIGNS,917,5,True
2011-05-15,84077,WORLD WAR 2 GLIDERS ASSTD DESIGNS,1248,6,True
2011-05-22,84077,WORLD WAR 2 GLIDERS ASSTD DESIGNS,1008,6,True
2011-05-29,84077,WORLD WAR 2 GLIDERS ASSTD DESIGNS,576,6,True
2011-06-05,84077,WORLD WAR 2 GLIDERS ASSTD DESIGNS,1445,5,True
2011-06-12,84077,WORLD WAR 2 GLIDERS ASSTD DESIGNS,480,6,True
2011-06-19,84077,WORLD WAR 2 GLIDERS ASSTD DESIGNS,145,6,True
2011-06-26,84077,WORLD WAR 2 GLIDERS ASSTD DESIGNS,961,6,True
2011-07-03,84077,WORLD WAR 2 GLIDERS ASSTD DESIGNS,291,6,True
2011-07-10,84077,WORLD WAR 2 GLIDERS ASSTD DESIGNS,1109,6,True
2011-07-17,84077,WORLD WAR 2 GLIDERS ASSTD DESIGNS,1104,6,True
2011-07-24,84077,WORLD WAR 2 GLIDERS ASSTD DESIGNS,726,6,True
2011-07-31,84077,WORLD WAR 2 GLIDERS ASSTD DESIGNS,775,6,True
2011-08-07,84077,WORLD WAR 2 GLIDERS ASSTD DESIGNS,98,6,True
2011-08-14,84077,WORLD WAR 2 GLIDERS ASSTD DESIGNS,577,6,True
2011-08-21,84077,WORLD WAR 2 GLIDERS ASSTD DESIGNS,528,6,True
2011-08-28,84077,WORLD WAR 2 GLIDERS ASSTD DESIGNS,1056,6,True
2011-09-04,84077,WORLD WAR 2 GLIDERS ASSTD DESIGNS,290,5,True
2011-09-11,84077,WORLD WAR 2 GLIDERS ASSTD DESIGNS,432,6,True
2011-09-18,84077,WORLD WAR 2 GLIDERS ASSTD DESIGNS,1296,6,True
2011-09-25,84077,WORLD WAR 2 GLIDERS ASSTD DESIGNS,587,6,True
2011-10-02,84077,WORLD WAR 2 GLIDERS ASSTD DESIGNS,1008,6,True
2011-10-09,84077,WORLD WAR 2 GLIDERS ASSTD DESIGNS,893,6,True
2011-10-16,84077,WORLD WAR 2 GLIDERS ASSTD DESIGNS,730,6,True
2011-10-23,84077,WORLD WAR 2 GLIDERS ASSTD DESIGNS,975,6,True
2011-10-30,84077,WORLD WAR 2 GLIDERS ASSTD DESIGNS,5328,6,True
2011-11-06,84077,WORLD WAR 2 GLIDERS ASSTD DESIGNS,974,6,True
2011-11-13,84077,WORLD WAR 2 GLIDERS ASSTD DESIGNS,1167,6,True
2011-11-20,84077,WORLD WAR 2 GLIDERS ASSTD DESIGNS,1170,6,True
2011-11-27,84077,WORLD WAR 2 GLIDERS ASSTD DESIGNS,915,6,True
2011-12-04,84077,WORLD WAR 2 GLIDERS ASSTD DESIGNS,689,6,True
2011-12-11,84077,WORLD WAR 2 GLIDERS ASSTD DESIGNS,1073,5,True
2009-12-06,84879,ASSORTED COLOUR BIRD ORNAMENT,2023,6,True
2009-12-13,84879,ASSORTED COLOUR BIRD ORNAMENT,1213,6,True
2009-12-20,84879,ASSORTED COLOUR BIRD ORNAMENT,1324,6,True
2009-12-27,84879,ASSORTED COLOUR BIRD ORNAMENT,82,3,False
2010-01-03,84879,ASSORTED COLOUR BIRD ORNAMENT,0,0,False
2010-01-10,84879,ASSORTED COLOUR BIRD ORNAMENT,168,6,True
2010-01-17,84879,ASSORTED COLOUR BIRD ORNAMENT,233,6,True
2010-01-24,84879,ASSORTED COLOUR BIRD ORNAMENT,897,6,True
2010-01-31,84879,ASSORTED COLOUR BIRD ORNAMENT,211,6,True
2010-02-07,84879,ASSORTED COLOUR BIRD ORNAMENT,274,6,True
2010-02-14,84879,ASSORTED COLOUR BIRD ORNAMENT,504,6,True
2010-02-21,84879,ASSORTED COLOUR BIRD ORNAMENT,587,6,True
2010-02-28,84879,ASSORTED COLOUR BIRD ORNAMENT,294,6,True
2010-03-07,84879,ASSORTED COLOUR BIRD ORNAMENT,735,6,True
2010-03-14,84879,ASSORTED COLOUR BIRD ORNAMENT,917,6,True
2010-03-21,84879,ASSORTED COLOUR BIRD ORNAMENT,551,6,True
2010-03-28,84879,ASSORTED COLOUR BIRD ORNAMENT,808,6,True
2010-04-04,84879,ASSORTED COLOUR BIRD ORNAMENT,331,4,False
2010-04-11,84879,ASSORTED COLOUR BIRD ORNAMENT,736,5,True
2010-04-18,84879,ASSORTED COLOUR BIRD ORNAMENT,653,6,True
2010-04-25,84879,ASSORTED COLOUR BIRD ORNAMENT,504,6,True
2010-05-02,84879,ASSORTED COLOUR BIRD ORNAMENT,919,6,True
2010-05-09,84879,ASSORTED COLOUR BIRD ORNAMENT,342,5,True
2010-05-16,84879,ASSORTED COLOUR BIRD ORNAMENT,899,6,True
2010-05-23,84879,ASSORTED COLOUR BIRD ORNAMENT,275,6,True
2010-05-30,84879,ASSORTED COLOUR BIRD ORNAMENT,560,6,True
2010-06-06,84879,ASSORTED COLOUR BIRD ORNAMENT,309,5,True
2010-06-13,84879,ASSORTED COLOUR BIRD ORNAMENT,256,6,True
2010-06-20,84879,ASSORTED COLOUR BIRD ORNAMENT,569,6,True
2010-06-27,84879,ASSORTED COLOUR BIRD ORNAMENT,252,6,True
2010-07-04,84879,ASSORTED COLOUR BIRD ORNAMENT,692,6,True
2010-07-11,84879,ASSORTED COLOUR BIRD ORNAMENT,858,6,True
2010-07-18,84879,ASSORTED COLOUR BIRD ORNAMENT,400,6,True
2010-07-25,84879,ASSORTED COLOUR BIRD ORNAMENT,1043,6,True
2010-08-01,84879,ASSORTED COLOUR BIRD ORNAMENT,621,6,True
2010-08-08,84879,ASSORTED COLOUR BIRD ORNAMENT,640,6,True
2010-08-15,84879,ASSORTED COLOUR BIRD ORNAMENT,750,6,True
2010-08-22,84879,ASSORTED COLOUR BIRD ORNAMENT,664,6,True
2010-08-29,84879,ASSORTED COLOUR BIRD ORNAMENT,1000,6,True
2010-09-05,84879,ASSORTED COLOUR BIRD ORNAMENT,963,5,True
2010-09-12,84879,ASSORTED COLOUR BIRD ORNAMENT,387,6,True
2010-09-19,84879,ASSORTED COLOUR BIRD ORNAMENT,619,6,True
2010-09-26,84879,ASSORTED COLOUR BIRD ORNAMENT,1784,6,True
2010-10-03,84879,ASSORTED COLOUR BIRD ORNAMENT,773,6,True
2010-10-10,84879,ASSORTED COLOUR BIRD ORNAMENT,753,6,True
2010-10-17,84879,ASSORTED COLOUR BIRD ORNAMENT,2277,6,True
2010-10-24,84879,ASSORTED COLOUR BIRD ORNAMENT,1736,6,True
2010-10-31,84879,ASSORTED COLOUR BIRD ORNAMENT,1031,6,True
2010-11-07,84879,ASSORTED COLOUR BIRD ORNAMENT,992,6,True
2010-11-14,84879,ASSORTED COLOUR BIRD ORNAMENT,5584,6,True
2010-11-21,84879,ASSORTED COLOUR BIRD ORNAMENT,1460,6,True
2010-11-28,84879,ASSORTED COLOUR BIRD ORNAMENT,779,6,True
2010-12-05,84879,ASSORTED COLOUR BIRD ORNAMENT,1184,6,True
2010-12-12,84879,ASSORTED COLOUR BIRD ORNAMENT,781,6,True
2010-12-19,84879,ASSORTED COLOUR BIRD ORNAMENT,638,6,True
2010-12-26,84879,ASSORTED COLOUR BIRD ORNAMENT,40,4,False
2011-01-02,84879,ASSORTED COLOUR BIRD ORNAMENT,0,0,False
2011-01-09,84879,ASSORTED COLOUR BIRD ORNAMENT,472,5,True
2011-01-16,84879,ASSORTED COLOUR BIRD ORNAMENT,434,6,True
2011-01-23,84879,ASSORTED COLOUR BIRD ORNAMENT,139,6,True
2011-01-30,84879,ASSORTED COLOUR BIRD ORNAMENT,336,6,True
2011-02-06,84879,ASSORTED COLOUR BIRD ORNAMENT,937,6,True
2011-02-13,84879,ASSORTED COLOUR BIRD ORNAMENT,160,6,True
2011-02-20,84879,ASSORTED COLOUR BIRD ORNAMENT,588,6,True
2011-02-27,84879,ASSORTED COLOUR BIRD ORNAMENT,328,6,True
2011-03-06,84879,ASSORTED COLOUR BIRD ORNAMENT,213,6,True
2011-03-13,84879,ASSORTED COLOUR BIRD ORNAMENT,642,6,True
2011-03-20,84879,ASSORTED COLOUR BIRD ORNAMENT,963,6,True
2011-03-27,84879,ASSORTED COLOUR BIRD ORNAMENT,391,6,True
2011-04-03,84879,ASSORTED COLOUR BIRD ORNAMENT,585,6,True
2011-04-10,84879,ASSORTED COLOUR BIRD ORNAMENT,753,6,True
2011-04-17,84879,ASSORTED COLOUR BIRD ORNAMENT,815,6,True
2011-04-24,84879,ASSORTED COLOUR BIRD ORNAMENT,612,4,False
2011-05-01,84879,ASSORTED COLOUR BIRD ORNAMENT,264,4,False
2011-05-08,84879,ASSORTED COLOUR BIRD ORNAMENT,594,5,True
2011-05-15,84879,ASSORTED COLOUR BIRD ORNAMENT,1201,6,True
2011-05-22,84879,ASSORTED COLOUR BIRD ORNAMENT,595,6,True
2011-05-29,84879,ASSORTED COLOUR BIRD ORNAMENT,565,6,True
2011-06-05,84879,ASSORTED COLOUR BIRD ORNAMENT,384,5,True
2011-06-12,84879,ASSORTED COLOUR BIRD ORNAMENT,292,6,True
2011-06-19,84879,ASSORTED COLOUR BIRD ORNAMENT,446,6,True
2011-06-26,84879,ASSORTED COLOUR BIRD ORNAMENT,270,6,True
2011-07-03,84879,ASSORTED COLOUR BIRD ORNAMENT,292,6,True
2011-07-10,84879,ASSORTED COLOUR BIRD ORNAMENT,460,6,True
2011-07-17,84879,ASSORTED COLOUR BIRD ORNAMENT,372,6,True
2011-07-24,84879,ASSORTED COLOUR BIRD ORNAMENT,519,6,True
2011-07-31,84879,ASSORTED COLOUR BIRD ORNAMENT,470,6,True
2011-08-07,84879,ASSORTED COLOUR BIRD ORNAMENT,3800,6,True
2011-08-14,84879,ASSORTED COLOUR BIRD ORNAMENT,1323,6,True
2011-08-21,84879,ASSORTED COLOUR BIRD ORNAMENT,548,6,True
2011-08-28,84879,ASSORTED COLOUR BIRD ORNAMENT,850,6,True
2011-09-04,84879,ASSORTED COLOUR BIRD ORNAMENT,216,5,True
2011-09-11,84879,ASSORTED COLOUR BIRD ORNAMENT,488,6,True
2011-09-18,84879,ASSORTED COLOUR BIRD ORNAMENT,908,6,True
2011-09-25,84879,ASSORTED COLOUR BIRD ORNAMENT,701,6,True
2011-10-02,84879,ASSORTED COLOUR BIRD ORNAMENT,791,6,True
2011-10-09,84879,ASSORTED COLOUR BIRD ORNAMENT,589,6,True
2011-10-16,84879,ASSORTED COLOUR BIRD ORNAMENT,420,6,True
2011-10-23,84879,ASSORTED COLOUR BIRD ORNAMENT,821,6,True
2011-10-30,84879,ASSORTED COLOUR BIRD ORNAMENT,778,6,True
2011-11-06,84879,ASSORTED COLOUR BIRD ORNAMENT,968,6,True
2011-11-13,84879,ASSORTED COLOUR BIRD ORNAMENT,1740,6,True
2011-11-20,84879,ASSORTED COLOUR BIRD ORNAMENT,1310,6,True
2011-11-27,84879,ASSORTED COLOUR BIRD ORNAMENT,1026,6,True
2011-12-04,84879,ASSORTED COLOUR BIRD ORNAMENT,953,6,True
2011-12-11,84879,ASSORTED COLOUR BIRD ORNAMENT,672,5,True
2009-12-06,85099B,JUMBO BAG RED RETROSPOT,1198,6,True
2009-12-13,85099B,JUMBO BAG RED RETROSPOT,1233,6,True
2009-12-20,85099B,JUMBO BAG RED RETROSPOT,1304,6,True
2009-12-27,85099B,JUMBO BAG RED RETROSPOT,36,3,False
2010-01-03,85099B,JUMBO BAG RED RETROSPOT,0,0,False
2010-01-10,85099B,JUMBO BAG RED RETROSPOT,1152,6,True
2010-01-17,85099B,JUMBO BAG RED RETROSPOT,929,6,True
2010-01-24,85099B,JUMBO BAG RED RETROSPOT,627,6,True
2010-01-31,85099B,JUMBO BAG RED RETROSPOT,864,6,True
2010-02-07,85099B,JUMBO BAG RED RETROSPOT,478,6,True
2010-02-14,85099B,JUMBO BAG RED RETROSPOT,547,6,True
2010-02-21,85099B,JUMBO BAG RED RETROSPOT,1014,6,True
2010-02-28,85099B,JUMBO BAG RED RETROSPOT,613,6,True
2010-03-07,85099B,JUMBO BAG RED RETROSPOT,754,6,True
2010-03-14,85099B,JUMBO BAG RED RETROSPOT,800,6,True
2010-03-21,85099B,JUMBO BAG RED RETROSPOT,555,6,True
2010-03-28,85099B,JUMBO BAG RED RETROSPOT,929,6,True
2010-04-04,85099B,JUMBO BAG RED RETROSPOT,588,4,False
2010-04-11,85099B,JUMBO BAG RED RETROSPOT,416,5,True
2010-04-18,85099B,JUMBO BAG RED RETROSPOT,1006,6,True
2010-04-25,85099B,JUMBO BAG RED RETROSPOT,645,6,True
2010-05-02,85099B,JUMBO BAG RED RETROSPOT,1539,6,True
2010-05-09,85099B,JUMBO BAG RED RETROSPOT,1207,5,True
2010-05-16,85099B,JUMBO BAG RED RETROSPOT,984,6,True
2010-05-23,85099B,JUMBO BAG RED RETROSPOT,621,6,True
2010-05-30,85099B,JUMBO BAG RED RETROSPOT,760,6,True
2010-06-06,85099B,JUMBO BAG RED RETROSPOT,718,5,True
2010-06-13,85099B,JUMBO BAG RED RETROSPOT,963,6,True
2010-06-20,85099B,JUMBO BAG RED RETROSPOT,696,6,True
2010-06-27,85099B,JUMBO BAG RED RETROSPOT,750,6,True
2010-07-04,85099B,JUMBO BAG RED RETROSPOT,1415,6,True
2010-07-11,85099B,JUMBO BAG RED RETROSPOT,654,6,True
2010-07-18,85099B,JUMBO BAG RED RETROSPOT,865,6,True
2010-07-25,85099B,JUMBO BAG RED RETROSPOT,1266,6,True
2010-08-01,85099B,JUMBO BAG RED RETROSPOT,618,6,True
2010-08-08,85099B,JUMBO BAG RED RETROSPOT,726,6,True
2010-08-15,85099B,JUMBO BAG RED RETROSPOT,893,6,True
2010-08-22,85099B,JUMBO BAG RED RETROSPOT,189,6,True
2010-08-29,85099B,JUMBO BAG RED RETROSPOT,1,6,True
2010-09-05,85099B,JUMBO BAG RED RETROSPOT,1879,5,True
2010-09-12,85099B,JUMBO BAG RED RETROSPOT,1313,6,True
2010-09-19,85099B,JUMBO BAG RED RETROSPOT,1118,6,True
2010-09-26,85099B,JUMBO BAG RED RETROSPOT,1381,6,True
2010-10-03,85099B,JUMBO BAG RED RETROSPOT,1597,6,True
2010-10-10,85099B,JUMBO BAG RED RETROSPOT,956,6,True
2010-10-17,85099B,JUMBO BAG RED RETROSPOT,1856,6,True
2010-10-24,85099B,JUMBO BAG RED RETROSPOT,783,6,True
2010-10-31,85099B,JUMBO BAG RED RETROSPOT,515,6,True
2010-11-07,85099B,JUMBO BAG RED RETROSPOT,793,6,True
2010-11-14,85099B,JUMBO BAG RED RETROSPOT,2124,6,True
2010-11-21,85099B,JUMBO BAG RED RETROSPOT,1215,6,True
2010-11-28,85099B,JUMBO BAG RED RETROSPOT,1223,6,True
2010-12-05,85099B,JUMBO BAG RED RETROSPOT,1747,6,True
2010-12-12,85099B,JUMBO BAG RED RETROSPOT,852,6,True
2010-12-19,85099B,JUMBO BAG RED RETROSPOT,427,6,True
2010-12-26,85099B,JUMBO BAG RED RETROSPOT,180,4,False
2011-01-02,85099B,JUMBO BAG RED RETROSPOT,0,0,False
2011-01-09,85099B,JUMBO BAG RED RETROSPOT,1374,5,True
2011-01-16,85099B,JUMBO BAG RED RETROSPOT,225,6,True
2011-01-23,85099B,JUMBO BAG RED RETROSPOT,594,6,True
2011-01-30,85099B,JUMBO BAG RED RETROSPOT,502,6,True
2011-02-06,85099B,JUMBO BAG RED RETROSPOT,965,6,True
2011-02-13,85099B,JUMBO BAG RED RETROSPOT,288,6,True
2011-02-20,85099B,JUMBO BAG RED RETROSPOT,985,6,True
2011-02-27,85099B,JUMBO BAG RED RETROSPOT,810,6,True
2011-03-06,85099B,JUMBO BAG RED RETROSPOT,624,6,True
2011-03-13,85099B,JUMBO BAG RED RETROSPOT,738,6,True
2011-03-20,85099B,JUMBO BAG RED RETROSPOT,1546,6,True
2011-03-27,85099B,JUMBO BAG RED RETROSPOT,1379,6,True
2011-04-03,85099B,JUMBO BAG RED RETROSPOT,1103,6,True
2011-04-10,85099B,JUMBO BAG RED RETROSPOT,975,6,True
2011-04-17,85099B,JUMBO BAG RED RETROSPOT,616,6,True
2011-04-24,85099B,JUMBO BAG RED RETROSPOT,549,4,False
2011-05-01,85099B,JUMBO BAG RED RETROSPOT,385,4,False
2011-05-08,85099B,JUMBO BAG RED RETROSPOT,380,5,True
2011-05-15,85099B,JUMBO BAG RED RETROSPOT,1206,6,True
2011-05-22,85099B,JUMBO BAG RED RETROSPOT,978,6,True
2011-05-29,85099B,JUMBO BAG RED RETROSPOT,933,6,True
2011-06-05,85099B,JUMBO BAG RED RETROSPOT,273,5,True
2011-06-12,85099B,JUMBO BAG RED RETROSPOT,883,6,True
2011-06-19,85099B,JUMBO BAG RED RETROSPOT,959,6,True
2011-06-26,85099B,JUMBO BAG RED RETROSPOT,841,6,True
2011-07-03,85099B,JUMBO BAG RED RETROSPOT,815,6,True
2011-07-10,85099B,JUMBO BAG RED RETROSPOT,1364,6,True
2011-07-17,85099B,JUMBO BAG RED RETROSPOT,431,6,True
2011-07-24,85099B,JUMBO BAG RED RETROSPOT,732,6,True
2011-07-31,85099B,JUMBO BAG RED RETROSPOT,540,6,True
2011-08-07,85099B,JUMBO BAG RED RETROSPOT,1050,6,True
2011-08-14,85099B,JUMBO BAG RED RETROSPOT,1373,6,True
2011-08-21,85099B,JUMBO BAG RED RETROSPOT,1356,6,True
2011-08-28,85099B,JUMBO BAG RED RETROSPOT,1418,6,True
2011-09-04,85099B,JUMBO BAG RED RETROSPOT,717,5,True
2011-09-11,85099B,JUMBO BAG RED RETROSPOT,556,6,True
2011-09-18,85099B,JUMBO BAG RED RETROSPOT,741,6,True
2011-09-25,85099B,JUMBO BAG RED RETROSPOT,1667,6,True
2011-10-02,85099B,JUMBO BAG RED RETROSPOT,929,6,True
2011-10-09,85099B,JUMBO BAG RED RETROSPOT,2569,6,True
2011-10-16,85099B,JUMBO BAG RED RETROSPOT,647,6,True
2011-10-23,85099B,JUMBO BAG RED RETROSPOT,1045,6,True
2011-10-30,85099B,JUMBO BAG RED RETROSPOT,500,6,True
2011-11-06,85099B,JUMBO BAG RED RETROSPOT,1063,6,True
2011-11-13,85099B,JUMBO BAG RED RETROSPOT,1999,6,True
2011-11-20,85099B,JUMBO BAG RED RETROSPOT,1602,6,True
2011-11-27,85099B,JUMBO BAG RED RETROSPOT,753,6,True
2011-12-04,85099B,JUMBO BAG RED RETROSPOT,1050,6,True
2011-12-11,85099B,JUMBO BAG RED RETROSPOT,451,5,True
2009-12-06,85123A,WHITE HANGING HEART T-LIGHT HOLDER,1817,6,True
2009-12-13,85123A,WHITE HANGING HEART T-LIGHT HOLDER,3171,6,True
2009-12-20,85123A,WHITE HANGING HEART T-LIGHT HOLDER,1291,6,True
2009-12-27,85123A,WHITE HANGING HEART T-LIGHT HOLDER,127,3,False
2010-01-03,85123A,WHITE HANGING HEART T-LIGHT HOLDER,0,0,False
2010-01-10,85123A,WHITE HANGING HEART T-LIGHT HOLDER,1773,6,True
2010-01-17,85123A,WHITE HANGING HEART T-LIGHT HOLDER,919,6,True
2010-01-24,85123A,WHITE HANGING HEART T-LIGHT HOLDER,1410,6,True
2010-01-31,85123A,WHITE HANGING HEART T-LIGHT HOLDER,1382,6,True
2010-02-07,85123A,WHITE HANGING HEART T-LIGHT HOLDER,727,6,True
2010-02-14,85123A,WHITE HANGING HEART T-LIGHT HOLDER,580,6,True
2010-02-21,85123A,WHITE HANGING HEART T-LIGHT HOLDER,669,6,True
2010-02-28,85123A,WHITE HANGING HEART T-LIGHT HOLDER,929,6,True
2010-03-07,85123A,WHITE HANGING HEART T-LIGHT HOLDER,838,6,True
2010-03-14,85123A,WHITE HANGING HEART T-LIGHT HOLDER,848,6,True
2010-03-21,85123A,WHITE HANGING HEART T-LIGHT HOLDER,1490,6,True
2010-03-28,85123A,WHITE HANGING HEART T-LIGHT HOLDER,1184,6,True
2010-04-04,85123A,WHITE HANGING HEART T-LIGHT HOLDER,900,4,False
2010-04-11,85123A,WHITE HANGING HEART T-LIGHT HOLDER,905,5,True
2010-04-18,85123A,WHITE HANGING HEART T-LIGHT HOLDER,848,6,True
2010-04-25,85123A,WHITE HANGING HEART T-LIGHT HOLDER,695,6,True
2010-05-02,85123A,WHITE HANGING HEART T-LIGHT HOLDER,1120,6,True
2010-05-09,85123A,WHITE HANGING HEART T-LIGHT HOLDER,1053,5,True
2010-05-16,85123A,WHITE HANGING HEART T-LIGHT HOLDER,1105,6,True
2010-05-23,85123A,WHITE HANGING HEART T-LIGHT HOLDER,1253,6,True
2010-05-30,85123A,WHITE HANGING HEART T-LIGHT HOLDER,954,6,True
2010-06-06,85123A,WHITE HANGING HEART T-LIGHT HOLDER,545,5,True
2010-06-13,85123A,WHITE HANGING HEART T-LIGHT HOLDER,1583,6,True
2010-06-20,85123A,WHITE HANGING HEART T-LIGHT HOLDER,586,6,True
2010-06-27,85123A,WHITE HANGING HEART T-LIGHT HOLDER,777,6,True
2010-07-04,85123A,WHITE HANGING HEART T-LIGHT HOLDER,1209,6,True
2010-07-11,85123A,WHITE HANGING HEART T-LIGHT HOLDER,716,6,True
2010-07-18,85123A,WHITE HANGING HEART T-LIGHT HOLDER,1263,6,True
2010-07-25,85123A,WHITE HANGING HEART T-LIGHT HOLDER,1159,6,True
2010-08-01,85123A,WHITE HANGING HEART T-LIGHT HOLDER,589,6,True
2010-08-08,85123A,WHITE HANGING HEART T-LIGHT HOLDER,543,6,True
2010-08-15,85123A,WHITE HANGING HEART T-LIGHT HOLDER,1218,6,True
2010-08-22,85123A,WHITE HANGING HEART T-LIGHT HOLDER,1686,6,True
2010-08-29,85123A,WHITE HANGING HEART T-LIGHT HOLDER,1118,6,True
2010-09-05,85123A,WHITE HANGING HEART T-LIGHT HOLDER,863,5,True
2010-09-12,85123A,WHITE HANGING HEART T-LIGHT HOLDER,912,6,True
2010-09-19,85123A,WHITE HANGING HEART T-LIGHT HOLDER,1048,6,True
2010-09-26,85123A,WHITE HANGING HEART T-LIGHT HOLDER,1085,6,True
2010-10-03,85123A,WHITE HANGING HEART T-LIGHT HOLDER,898,6,True
2010-10-10,85123A,WHITE HANGING HEART T-LIGHT HOLDER,991,6,True
2010-10-17,85123A,WHITE HANGING HEART T-LIGHT HOLDER,998,6,True
2010-10-24,85123A,WHITE HANGING HEART T-LIGHT HOLDER,792,6,True
2010-10-31,85123A,WHITE HANGING HEART T-LIGHT HOLDER,1140,6,True
2010-11-07,85123A,WHITE HANGING HEART T-LIGHT HOLDER,1362,6,True
2010-11-14,85123A,WHITE HANGING HEART T-LIGHT HOLDER,1608,6,True
2010-11-21,85123A,WHITE HANGING HEART T-LIGHT HOLDER,860,6,True
2010-11-28,85123A,WHITE HANGING HEART T-LIGHT HOLDER,2016,6,True
2010-12-05,85123A,WHITE HANGING HEART T-LIGHT HOLDER,1573,6,True
2010-12-12,85123A,WHITE HANGING HEART T-LIGHT HOLDER,1045,6,True
2010-12-19,85123A,WHITE HANGING HEART T-LIGHT HOLDER,1524,6,True
2010-12-26,85123A,WHITE HANGING HEART T-LIGHT HOLDER,197,4,False
2011-01-02,85123A,WHITE HANGING HEART T-LIGHT HOLDER,0,0,False
2011-01-09,85123A,WHITE HANGING HEART T-LIGHT HOLDER,973,5,True
2011-01-16,85123A,WHITE HANGING HEART T-LIGHT HOLDER,3328,6,True
2011-01-23,85123A,WHITE HANGING HEART T-LIGHT HOLDER,658,6,True
2011-01-30,85123A,WHITE HANGING HEART T-LIGHT HOLDER,539,6,True
2011-02-06,85123A,WHITE HANGING HEART T-LIGHT HOLDER,586,6,True
2011-02-13,85123A,WHITE HANGING HEART T-LIGHT HOLDER,517,6,True
2011-02-20,85123A,WHITE HANGING HEART T-LIGHT HOLDER,365,6,True
2011-02-27,85123A,WHITE HANGING HEART T-LIGHT HOLDER,401,6,True
2011-03-06,85123A,WHITE HANGING HEART T-LIGHT HOLDER,380,6,True
2011-03-13,85123A,WHITE HANGING HEART T-LIGHT HOLDER,454,6,True
2011-03-20,85123A,WHITE HANGING HEART T-LIGHT HOLDER,464,6,True
2011-03-27,85123A,WHITE HANGING HEART T-LIGHT HOLDER,365,6,True
2011-04-03,85123A,WHITE HANGING HEART T-LIGHT HOLDER,582,6,True
2011-04-10,85123A,WHITE HANGING HEART T-LIGHT HOLDER,374,6,True
2011-04-17,85123A,WHITE HANGING HEART T-LIGHT HOLDER,474,6,True
2011-04-24,85123A,WHITE HANGING HEART T-LIGHT HOLDER,2422,4,False
2011-05-01,85123A,WHITE HANGING HEART T-LIGHT HOLDER,375,4,False
2011-05-08,85123A,WHITE HANGING HEART T-LIGHT HOLDER,1144,5,True
2011-05-15,85123A,WHITE HANGING HEART T-LIGHT HOLDER,861,6,True
2011-05-22,85123A,WHITE HANGING HEART T-LIGHT HOLDER,783,6,True
2011-05-29,85123A,WHITE HANGING HEART T-LIGHT HOLDER,1026,6,True
2011-06-05,85123A,WHITE HANGING HEART T-LIGHT HOLDER,628,5,True
2011-06-12,85123A,WHITE HANGING HEART T-LIGHT HOLDER,389,6,True
2011-06-19,85123A,WHITE HANGING HEART T-LIGHT HOLDER,389,6,True
2011-06-26,85123A,WHITE HANGING HEART T-LIGHT HOLDER,236,6,True
2011-07-03,85123A,WHITE HANGING HEART T-LIGHT HOLDER,258,6,True
2011-07-10,85123A,WHITE HANGING HEART T-LIGHT HOLDER,258,6,True
2011-07-17,85123A,WHITE HANGING HEART T-LIGHT HOLDER,1195,6,True
2011-07-24,85123A,WHITE HANGING HEART T-LIGHT HOLDER,716,6,True
2011-07-31,85123A,WHITE HANGING HEART T-LIGHT HOLDER,780,6,True
2011-08-07,85123A,WHITE HANGING HEART T-LIGHT HOLDER,441,6,True
2011-08-14,85123A,WHITE HANGING HEART T-LIGHT HOLDER,466,6,True
2011-08-21,85123A,WHITE HANGING HEART T-LIGHT HOLDER,296,6,True
2011-08-28,85123A,WHITE HANGING HEART T-LIGHT HOLDER,772,6,True
2011-09-04,85123A,WHITE HANGING HEART T-LIGHT HOLDER,394,5,True
2011-09-11,85123A,WHITE HANGING HEART T-LIGHT HOLDER,440,6,True
2011-09-18,85123A,WHITE HANGING HEART T-LIGHT HOLDER,658,6,True
2011-09-25,85123A,WHITE HANGING HEART T-LIGHT HOLDER,705,6,True
2011-10-02,85123A,WHITE HANGING HEART T-LIGHT HOLDER,398,6,True
2011-10-09,85123A,WHITE HANGING HEART T-LIGHT HOLDER,163,6,True
2011-10-16,85123A,WHITE HANGING HEART T-LIGHT HOLDER,679,6,True
2011-10-23,85123A,WHITE HANGING HEART T-LIGHT HOLDER,231,6,True
2011-10-30,85123A,WHITE HANGING HEART T-LIGHT HOLDER,444,6,True
2011-11-06,85123A,WHITE HANGING HEART T-LIGHT HOLDER,1702,6,True
2011-11-13,85123A,WHITE HANGING HEART T-LIGHT HOLDER,575,6,True
2011-11-20,85123A,WHITE HANGING HEART T-LIGHT HOLDER,1322,6,True
2011-11-27,85123A,WHITE HANGING HEART T-LIGHT HOLDER,897,6,True
2011-12-04,85123A,WHITE HANGING HEART T-LIGHT HOLDER,725,6,True
2011-12-11,85123A,WHITE HANGING HEART T-LIGHT HOLDER,649,5,True
